Workbook

Sheet Danh sách NV
A1: STT | B1: Mã NV | C1: Họ và tên | D1: Bộ phận | E1: Chức danh | F1: Ngày vào làm | G1: Ngày nghỉ việc | H1: Lương cơ bản | I1: Phụ cấp | J1: Số người phụ thuộc | K1: Trạng thái | L1: Thu nhập cố định
A2: 1 | B2: NV001 | C2: Nguyễn Thị Mai | D2: Kinh doanh | E2: Nhân viên kinh doanh | F2: 44991 | H2: 18000000 | I2: 2000000 | J2: 0 | K2: =IF(C2="","",IF(G2="","Đang làm","Đã nghỉ")) | L2: =IF(C2="","",IF(K2="Đã nghỉ",0,H2+I2))
A3: 2 | B3: NV002 | C3: Trần Văn Hùng | D3: Kỹ thuật | E3: Trưởng phòng kỹ thuật | F3: 44424 | H3: 35000000 | I3: 3000000 | J3: 2 | K3: =IF(C3="","",IF(G3="","Đang làm","Đã nghỉ")) | L3: =IF(C3="","",IF(K3="Đã nghỉ",0,H3+I3))
A4: 3 | B4: NV003 | C4: Lê Thu Hà | D4: Kế toán | E4: Kế toán tổng hợp | F4: 45293 | H4: 12000000 | I4: 1500000 | J4: 1 | K4: =IF(C4="","",IF(G4="","Đang làm","Đã nghỉ")) | L4: =IF(C4="","",IF(K4="Đã nghỉ",0,H4+I4))
A5: 4 | B5: NV004 | C5: Phạm Minh Đức | D5: Kho vận | E5: Giám đốc vận hành | F5: 43955 | H5: 70000000 | I5: 5000000 | J5: 2 | K5: =IF(C5="","",IF(G5="","Đang làm","Đã nghỉ")) | L5: =IF(C5="","",IF(K5="Đã nghỉ",0,H5+I5))
A6: 5 | B6: NV005 | C6: Vũ Hải Yến | D6: Nhân sự | E6: Chuyên viên tuyển dụng | F6: 44866 | G6: 46203 | H6: 15000000 | I6: 1500000 | J6: 0 | K6: =IF(C6="","",IF(G6="","Đang làm","Đã nghỉ")) | L6: =IF(C6="","",IF(K6="Đã nghỉ",0,H6+I6))
K7: =IF(C7="","",IF(G7="","Đang làm","Đã nghỉ")) | L7: =IF(C7="","",IF(K7="Đã nghỉ",0,H7+I7))
K8: =IF(C8="","",IF(G8="","Đang làm","Đã nghỉ")) | L8: =IF(C8="","",IF(K8="Đã nghỉ",0,H8+I8))
K9: =IF(C9="","",IF(G9="","Đang làm","Đã nghỉ")) | L9: =IF(C9="","",IF(K9="Đã nghỉ",0,H9+I9))
K10: =IF(C10="","",IF(G10="","Đang làm","Đã nghỉ")) | L10: =IF(C10="","",IF(K10="Đã nghỉ",0,H10+I10))
K11: =IF(C11="","",IF(G11="","Đang làm","Đã nghỉ")) | L11: =IF(C11="","",IF(K11="Đã nghỉ",0,H11+I11))
K12: =IF(C12="","",IF(G12="","Đang làm","Đã nghỉ")) | L12: =IF(C12="","",IF(K12="Đã nghỉ",0,H12+I12))
K13: =IF(C13="","",IF(G13="","Đang làm","Đã nghỉ")) | L13: =IF(C13="","",IF(K13="Đã nghỉ",0,H13+I13))
K14: =IF(C14="","",IF(G14="","Đang làm","Đã nghỉ")) | L14: =IF(C14="","",IF(K14="Đã nghỉ",0,H14+I14))
K15: =IF(C15="","",IF(G15="","Đang làm","Đã nghỉ")) | L15: =IF(C15="","",IF(K15="Đã nghỉ",0,H15+I15))
K16: =IF(C16="","",IF(G16="","Đang làm","Đã nghỉ")) | L16: =IF(C16="","",IF(K16="Đã nghỉ",0,H16+I16))
K17: =IF(C17="","",IF(G17="","Đang làm","Đã nghỉ")) | L17: =IF(C17="","",IF(K17="Đã nghỉ",0,H17+I17))
K18: =IF(C18="","",IF(G18="","Đang làm","Đã nghỉ")) | L18: =IF(C18="","",IF(K18="Đã nghỉ",0,H18+I18))
... K31: =IF(C31="","",IF(G31="","Đang làm","Đã nghỉ")) | L31: =IF(C31="","",IF(K31="Đã nghỉ",0,H31+I31))

Sheet Nghỉ phép
A1: STT | B1: Mã NV | C1: Họ và tên | D1: Bộ phận | E1: Loại nghỉ | F1: Từ ngày | G1: Đến ngày | H1: Số ngày | I1: Trạng thái duyệt | J1: Lý do | K1: Ngày có hưởng lương | L1: Ngày không lương | M1: Trừ phép năm
A2: 1 | B2: NV001 | C2: =IFERROR(INDEX('Danh sách NV'!$C$2:$C$500,MATCH(B2,'Danh sách NV'!$B$2:$B$500,0)),"") | D2: =IFERROR(INDEX('Danh sách NV'!$D$2:$D$500,MATCH(B2,'Danh sách NV'!$B$2:$B$500,0)),"") | E2: Phép năm | F2: 46212 | G2: 46213 | H2: 2 | I2: Đã duyệt | J2: Việc gia đình | K2: =IF(C2="","",IF(AND(I2="Đã duyệt",OR(E2="Phép năm",E2="Nghỉ chế độ",E2="Nghỉ bù")),H2,0)) | L2: =IF(C2="","",IF(AND(I2="Đã duyệt",E2="Nghỉ không lương"),H2,0)) | M2: =IF(C2="","",IF(AND(I2="Đã duyệt",E2="Phép năm"),H2,0))
A3: 2 | B3: NV003 | C3: =IFERROR(INDEX('Danh sách NV'!$C$2:$C$500,MATCH(B3,'Danh sách NV'!$B$2:$B$500,0)),"") | D3: =IFERROR(INDEX('Danh sách NV'!$D$2:$D$500,MATCH(B3,'Danh sách NV'!$B$2:$B$500,0)),"") | E3: Phép năm | F3: 46209 | G3: 46209 | H3: 1 | I3: Đã duyệt | J3: Khám sức khỏe định kỳ | K3: =IF(C3="","",IF(AND(I3="Đã duyệt",OR(E3="Phép năm",E3="Nghỉ chế độ",E3="Nghỉ bù")),H3,0)) | L3: =IF(C3="","",IF(AND(I3="Đã duyệt",E3="Nghỉ không lương"),H3,0)) | M3: =IF(C3="","",IF(AND(I3="Đã duyệt",E3="Phép năm"),H3,0))
A4: 3 | B4: NV003 | C4: =IFERROR(INDEX('Danh sách NV'!$C$2:$C$500,MATCH(B4,'Danh sách NV'!$B$2:$B$500,0)),"") | D4: =IFERROR(INDEX('Danh sách NV'!$D$2:$D$500,MATCH(B4,'Danh sách NV'!$B$2:$B$500,0)),"") | E4: Nghỉ không lương | F4: 46223 | G4: 46226 | H4: 4 | I4: Đã duyệt | J4: Về quê giải quyết việc riêng | K4: =IF(C4="","",IF(AND(I4="Đã duyệt",OR(E4="Phép năm",E4="Nghỉ chế độ",E4="Nghỉ bù")),H4,0)) | L4: =IF(C4="","",IF(AND(I4="Đã duyệt",E4="Nghỉ không lương"),H4,0)) | M4: =IF(C4="","",IF(AND(I4="Đã duyệt",E4="Phép năm"),H4,0))
A5: 4 | B5: NV004 | C5: =IFERROR(INDEX('Danh sách NV'!$C$2:$C$500,MATCH(B5,'Danh sách NV'!$B$2:$B$500,0)),"") | D5: =IFERROR(INDEX('Danh sách NV'!$D$2:$D$500,MATCH(B5,'Danh sách NV'!$B$2:$B$500,0)),"") | E5: Nghỉ không lương | F5: 46218 | G5: 46218 | H5: 1 | I5: Đã duyệt | J5: Việc cá nhân | K5: =IF(C5="","",IF(AND(I5="Đã duyệt",OR(E5="Phép năm",E5="Nghỉ chế độ",E5="Nghỉ bù")),H5,0)) | L5: =IF(C5="","",IF(AND(I5="Đã duyệt",E5="Nghỉ không lương"),H5,0)) | M5: =IF(C5="","",IF(AND(I5="Đã duyệt",E5="Phép năm"),H5,0))
A6: 5 | B6: NV002 | C6: =IFERROR(INDEX('Danh sách NV'!$C$2:$C$500,MATCH(B6,'Danh sách NV'!$B$2:$B$500,0)),"") | D6: =IFERROR(INDEX('Danh sách NV'!$D$2:$D$500,MATCH(B6,'Danh sách NV'!$B$2:$B$500,0)),"") | E6: Phép năm | F6: 46237 | G6: 46237 | H6: 1 | I6: Chờ duyệt | J6: Đưa con nhập học | K6: =IF(C6="","",IF(AND(I6="Đã duyệt",OR(E6="Phép năm",E6="Nghỉ chế độ",E6="Nghỉ bù")),H6,0)) | L6: =IF(C6="","",IF(AND(I6="Đã duyệt",E6="Nghỉ không lương"),H6,0)) | M6: =IF(C6="","",IF(AND(I6="Đã duyệt",E6="Phép năm"),H6,0))
C7: =IFERROR(INDEX('Danh sách NV'!$C$2:$C$500,MATCH(B7,'Danh sách NV'!$B$2:$B$500,0)),"") | D7: =IFERROR(INDEX('Danh sách NV'!$D$2:$D$500,MATCH(B7,'Danh sách NV'!$B$2:$B$500,0)),"") | K7: =IF(C7="","",IF(AND(I7="Đã duyệt",OR(E7="Phép năm",E7="Nghỉ chế độ",E7="Nghỉ bù")),H7,0)) | L7: =IF(C7="","",IF(AND(I7="Đã duyệt",E7="Nghỉ không lương"),H7,0)) | M7: =IF(C7="","",IF(AND(I7="Đã duyệt",E7="Phép năm"),H7,0))
C8: =IFERROR(INDEX('Danh sách NV'!$C$2:$C$500,MATCH(B8,'Danh sách NV'!$B$2:$B$500,0)),"") | D8: =IFERROR(INDEX('Danh sách NV'!$D$2:$D$500,MATCH(B8,'Danh sách NV'!$B$2:$B$500,0)),"") | K8: =IF(C8="","",IF(AND(I8="Đã duyệt",OR(E8="Phép năm",E8="Nghỉ chế độ",E8="Nghỉ bù")),H8,0)) | L8: =IF(C8="","",IF(AND(I8="Đã duyệt",E8="Nghỉ không lương"),H8,0)) | M8: =IF(C8="","",IF(AND(I8="Đã duyệt",E8="Phép năm"),H8,0))
C9: =IFERROR(INDEX('Danh sách NV'!$C$2:$C$500,MATCH(B9,'Danh sách NV'!$B$2:$B$500,0)),"") | D9: =IFERROR(INDEX('Danh sách NV'!$D$2:$D$500,MATCH(B9,'Danh sách NV'!$B$2:$B$500,0)),"") | K9: =IF(C9="","",IF(AND(I9="Đã duyệt",OR(E9="Phép năm",E9="Nghỉ chế độ",E9="Nghỉ bù")),H9,0)) | L9: =IF(C9="","",IF(AND(I9="Đã duyệt",E9="Nghỉ không lương"),H9,0)) | M9: =IF(C9="","",IF(AND(I9="Đã duyệt",E9="Phép năm"),H9,0))
C10: =IFERROR(INDEX('Danh sách NV'!$C$2:$C$500,MATCH(B10,'Danh sách NV'!$B$2:$B$500,0)),"") | D10: =IFERROR(INDEX('Danh sách NV'!$D$2:$D$500,MATCH(B10,'Danh sách NV'!$B$2:$B$500,0)),"") | K10: =IF(C10="","",IF(AND(I10="Đã duyệt",OR(E10="Phép năm",E10="Nghỉ chế độ",E10="Nghỉ bù")),H10,0)) | L10: =IF(C10="","",IF(AND(I10="Đã duyệt",E10="Nghỉ không lương"),H10,0)) | M10: =IF(C10="","",IF(AND(I10="Đã duyệt",E10="Phép năm"),H10,0))
C11: =IFERROR(INDEX('Danh sách NV'!$C$2:$C$500,MATCH(B11,'Danh sách NV'!$B$2:$B$500,0)),"") | D11: =IFERROR(INDEX('Danh sách NV'!$D$2:$D$500,MATCH(B11,'Danh sách NV'!$B$2:$B$500,0)),"") | K11: =IF(C11="","",IF(AND(I11="Đã duyệt",OR(E11="Phép năm",E11="Nghỉ chế độ",E11="Nghỉ bù")),H11,0)) | L11: =IF(C11="","",IF(AND(I11="Đã duyệt",E11="Nghỉ không lương"),H11,0)) | M11: =IF(C11="","",IF(AND(I11="Đã duyệt",E11="Phép năm"),H11,0))
C12: =IFERROR(INDEX('Danh sách NV'!$C$2:$C$500,MATCH(B12,'Danh sách NV'!$B$2:$B$500,0)),"") | D12: =IFERROR(INDEX('Danh sách NV'!$D$2:$D$500,MATCH(B12,'Danh sách NV'!$B$2:$B$500,0)),"") | K12: =IF(C12="","",IF(AND(I12="Đã duyệt",OR(E12="Phép năm",E12="Nghỉ chế độ",E12="Nghỉ bù")),H12,0)) | L12: =IF(C12="","",IF(AND(I12="Đã duyệt",E12="Nghỉ không lương"),H12,0)) | M12: =IF(C12="","",IF(AND(I12="Đã duyệt",E12="Phép năm"),H12,0))
C13: =IFERROR(INDEX('Danh sách NV'!$C$2:$C$500,MATCH(B13,'Danh sách NV'!$B$2:$B$500,0)),"") | D13: =IFERROR(INDEX('Danh sách NV'!$D$2:$D$500,MATCH(B13,'Danh sách NV'!$B$2:$B$500,0)),"") | K13: =IF(C13="","",IF(AND(I13="Đã duyệt",OR(E13="Phép năm",E13="Nghỉ chế độ",E13="Nghỉ bù")),H13,0)) | L13: =IF(C13="","",IF(AND(I13="Đã duyệt",E13="Nghỉ không lương"),H13,0)) | M13: =IF(C13="","",IF(AND(I13="Đã duyệt",E13="Phép năm"),H13,0))
C14: =IFERROR(INDEX('Danh sách NV'!$C$2:$C$500,MATCH(B14,'Danh sách NV'!$B$2:$B$500,0)),"") | D14: =IFERROR(INDEX('Danh sách NV'!$D$2:$D$500,MATCH(B14,'Danh sách NV'!$B$2:$B$500,0)),"") | K14: =IF(C14="","",IF(AND(I14="Đã duyệt",OR(E14="Phép năm",E14="Nghỉ chế độ",E14="Nghỉ bù")),H14,0)) | L14: =IF(C14="","",IF(AND(I14="Đã duyệt",E14="Nghỉ không lương"),H14,0)) | M14: =IF(C14="","",IF(AND(I14="Đã duyệt",E14="Phép năm"),H14,0))
C15: =IFERROR(INDEX('Danh sách NV'!$C$2:$C$500,MATCH(B15,'Danh sách NV'!$B$2:$B$500,0)),"") | D15: =IFERROR(INDEX('Danh sách NV'!$D$2:$D$500,MATCH(B15,'Danh sách NV'!$B$2:$B$500,0)),"") | K15: =IF(C15="","",IF(AND(I15="Đã duyệt",OR(E15="Phép năm",E15="Nghỉ chế độ",E15="Nghỉ bù")),H15,0)) | L15: =IF(C15="","",IF(AND(I15="Đã duyệt",E15="Nghỉ không lương"),H15,0)) | M15: =IF(C15="","",IF(AND(I15="Đã duyệt",E15="Phép năm"),H15,0))
C16: =IFERROR(INDEX('Danh sách NV'!$C$2:$C$500,MATCH(B16,'Danh sách NV'!$B$2:$B$500,0)),"") | D16: =IFERROR(INDEX('Danh sách NV'!$D$2:$D$500,MATCH(B16,'Danh sách NV'!$B$2:$B$500,0)),"") | K16: =IF(C16="","",IF(AND(I16="Đã duyệt",OR(E16="Phép năm",E16="Nghỉ chế độ",E16="Nghỉ bù")),H16,0)) | L16: =IF(C16="","",IF(AND(I16="Đã duyệt",E16="Nghỉ không lương"),H16,0)) | M16: =IF(C16="","",IF(AND(I16="Đã duyệt",E16="Phép năm"),H16,0))
C17: =IFERROR(INDEX('Danh sách NV'!$C$2:$C$500,MATCH(B17,'Danh sách NV'!$B$2:$B$500,0)),"") | D17: =IFERROR(INDEX('Danh sách NV'!$D$2:$D$500,MATCH(B17,'Danh sách NV'!$B$2:$B$500,0)),"") | K17: =IF(C17="","",IF(AND(I17="Đã duyệt",OR(E17="Phép năm",E17="Nghỉ chế độ",E17="Nghỉ bù")),H17,0)) | L17: =IF(C17="","",IF(AND(I17="Đã duyệt",E17="Nghỉ không lương"),H17,0)) | M17: =IF(C17="","",IF(AND(I17="Đã duyệt",E17="Phép năm"),H17,0))
C18: =IFERROR(INDEX('Danh sách NV'!$C$2:$C$500,MATCH(B18,'Danh sách NV'!$B$2:$B$500,0)),"") | D18: =IFERROR(INDEX('Danh sách NV'!$D$2:$D$500,MATCH(B18,'Danh sách NV'!$B$2:$B$500,0)),"") | K18: =IF(C18="","",IF(AND(I18="Đã duyệt",OR(E18="Phép năm",E18="Nghỉ chế độ",E18="Nghỉ bù")),H18,0)) | L18: =IF(C18="","",IF(AND(I18="Đã duyệt",E18="Nghỉ không lương"),H18,0)) | M18: =IF(C18="","",IF(AND(I18="Đã duyệt",E18="Phép năm"),H18,0))
... C31: =IFERROR(INDEX('Danh sách NV'!$C$2:$C$500,MATCH(B31,'Danh sách NV'!$B$2:$B$500,0)),"") | D31: =IFERROR(INDEX('Danh sách NV'!$D$2:$D$500,MATCH(B31,'Danh sách NV'!$B$2:$B$500,0)),"") | K31: =IF(C31="","",IF(AND(I31="Đã duyệt",OR(E31="Phép năm",E31="Nghỉ chế độ",E31="Nghỉ bù")),H31,0)) | L31: =IF(C31="","",IF(AND(I31="Đã duyệt",E31="Nghỉ không lương"),H31,0)) | M31: =IF(C31="","",IF(AND(I31="Đã duyệt",E31="Phép năm"),H31,0))

Sheet Chấm công
A1: STT | B1: Mã NV | C1: Họ và tên | D1: Bộ phận | E1: Công chuẩn | F1: Ngày công thực tế | G1: Nghỉ phép | H1: Nghỉ không lương | I1: Giờ tăng ca | J1: Tổng công hưởng lương | K1: Tỷ lệ chuyên cần | L1: Xếp loại
A2: 1 | B2: NV001 | C2: =IFERROR(INDEX('Danh sách NV'!$C$2:$C$500,MATCH(B2,'Danh sách NV'!$B$2:$B$500,0)),"") | D2: =IFERROR(INDEX('Danh sách NV'!$D$2:$D$500,MATCH(B2,'Danh sách NV'!$B$2:$B$500,0)),"") | E2: 26 | F2: 24 | G2: =IF(B2="","",SUMIF('Nghỉ phép'!$B$2:$B$500,B2,'Nghỉ phép'!$K$2:$K$500)) | H2: =IF(B2="","",SUMIF('Nghỉ phép'!$B$2:$B$500,B2,'Nghỉ phép'!$L$2:$L$500)) | I2: 8 | J2: =IF(C2="","",F2+G2) | K2: =IF(C2="","",IFERROR(J2/E2,0)) | L2: =IF(C2="","",IF(K2>=1,"Đủ công",IF(K2>=0.9,"Khá","Cần xem lại")))
A3: 2 | B3: NV002 | C3: =IFERROR(INDEX('Danh sách NV'!$C$2:$C$500,MATCH(B3,'Danh sách NV'!$B$2:$B$500,0)),"") | D3: =IFERROR(INDEX('Danh sách NV'!$D$2:$D$500,MATCH(B3,'Danh sách NV'!$B$2:$B$500,0)),"") | E3: 26 | F3: 26 | G3: =IF(B3="","",SUMIF('Nghỉ phép'!$B$2:$B$500,B3,'Nghỉ phép'!$K$2:$K$500)) | H3: =IF(B3="","",SUMIF('Nghỉ phép'!$B$2:$B$500,B3,'Nghỉ phép'!$L$2:$L$500)) | I3: 12 | J3: =IF(C3="","",F3+G3) | K3: =IF(C3="","",IFERROR(J3/E3,0)) | L3: =IF(C3="","",IF(K3>=1,"Đủ công",IF(K3>=0.9,"Khá","Cần xem lại")))
A4: 3 | B4: NV003 | C4: =IFERROR(INDEX('Danh sách NV'!$C$2:$C$500,MATCH(B4,'Danh sách NV'!$B$2:$B$500,0)),"") | D4: =IFERROR(INDEX('Danh sách NV'!$D$2:$D$500,MATCH(B4,'Danh sách NV'!$B$2:$B$500,0)),"") | E4: 26 | F4: 21 | G4: =IF(B4="","",SUMIF('Nghỉ phép'!$B$2:$B$500,B4,'Nghỉ phép'!$K$2:$K$500)) | H4: =IF(B4="","",SUMIF('Nghỉ phép'!$B$2:$B$500,B4,'Nghỉ phép'!$L$2:$L$500)) | I4: 0 | J4: =IF(C4="","",F4+G4) | K4: =IF(C4="","",IFERROR(J4/E4,0)) | L4: =IF(C4="","",IF(K4>=1,"Đủ công",IF(K4>=0.9,"Khá","Cần xem lại")))
A5: 4 | B5: NV004 | C5: =IFERROR(INDEX('Danh sách NV'!$C$2:$C$500,MATCH(B5,'Danh sách NV'!$B$2:$B$500,0)),"") | D5: =IFERROR(INDEX('Danh sách NV'!$D$2:$D$500,MATCH(B5,'Danh sách NV'!$B$2:$B$500,0)),"") | E5: 26 | F5: 25 | G5: =IF(B5="","",SUMIF('Nghỉ phép'!$B$2:$B$500,B5,'Nghỉ phép'!$K$2:$K$500)) | H5: =IF(B5="","",SUMIF('Nghỉ phép'!$B$2:$B$500,B5,'Nghỉ phép'!$L$2:$L$500)) | I5: 16 | J5: =IF(C5="","",F5+G5) | K5: =IF(C5="","",IFERROR(J5/E5,0)) | L5: =IF(C5="","",IF(K5>=1,"Đủ công",IF(K5>=0.9,"Khá","Cần xem lại")))
C6: =IFERROR(INDEX('Danh sách NV'!$C$2:$C$500,MATCH(B6,'Danh sách NV'!$B$2:$B$500,0)),"") | D6: =IFERROR(INDEX('Danh sách NV'!$D$2:$D$500,MATCH(B6,'Danh sách NV'!$B$2:$B$500,0)),"") | G6: =IF(B6="","",SUMIF('Nghỉ phép'!$B$2:$B$500,B6,'Nghỉ phép'!$K$2:$K$500)) | H6: =IF(B6="","",SUMIF('Nghỉ phép'!$B$2:$B$500,B6,'Nghỉ phép'!$L$2:$L$500)) | J6: =IF(C6="","",F6+G6) | K6: =IF(C6="","",IFERROR(J6/E6,0)) | L6: =IF(C6="","",IF(K6>=1,"Đủ công",IF(K6>=0.9,"Khá","Cần xem lại")))
C7: =IFERROR(INDEX('Danh sách NV'!$C$2:$C$500,MATCH(B7,'Danh sách NV'!$B$2:$B$500,0)),"") | D7: =IFERROR(INDEX('Danh sách NV'!$D$2:$D$500,MATCH(B7,'Danh sách NV'!$B$2:$B$500,0)),"") | G7: =IF(B7="","",SUMIF('Nghỉ phép'!$B$2:$B$500,B7,'Nghỉ phép'!$K$2:$K$500)) | H7: =IF(B7="","",SUMIF('Nghỉ phép'!$B$2:$B$500,B7,'Nghỉ phép'!$L$2:$L$500)) | J7: =IF(C7="","",F7+G7) | K7: =IF(C7="","",IFERROR(J7/E7,0)) | L7: =IF(C7="","",IF(K7>=1,"Đủ công",IF(K7>=0.9,"Khá","Cần xem lại")))
C8: =IFERROR(INDEX('Danh sách NV'!$C$2:$C$500,MATCH(B8,'Danh sách NV'!$B$2:$B$500,0)),"") | D8: =IFERROR(INDEX('Danh sách NV'!$D$2:$D$500,MATCH(B8,'Danh sách NV'!$B$2:$B$500,0)),"") | G8: =IF(B8="","",SUMIF('Nghỉ phép'!$B$2:$B$500,B8,'Nghỉ phép'!$K$2:$K$500)) | H8: =IF(B8="","",SUMIF('Nghỉ phép'!$B$2:$B$500,B8,'Nghỉ phép'!$L$2:$L$500)) | J8: =IF(C8="","",F8+G8) | K8: =IF(C8="","",IFERROR(J8/E8,0)) | L8: =IF(C8="","",IF(K8>=1,"Đủ công",IF(K8>=0.9,"Khá","Cần xem lại")))
C9: =IFERROR(INDEX('Danh sách NV'!$C$2:$C$500,MATCH(B9,'Danh sách NV'!$B$2:$B$500,0)),"") | D9: =IFERROR(INDEX('Danh sách NV'!$D$2:$D$500,MATCH(B9,'Danh sách NV'!$B$2:$B$500,0)),"") | G9: =IF(B9="","",SUMIF('Nghỉ phép'!$B$2:$B$500,B9,'Nghỉ phép'!$K$2:$K$500)) | H9: =IF(B9="","",SUMIF('Nghỉ phép'!$B$2:$B$500,B9,'Nghỉ phép'!$L$2:$L$500)) | J9: =IF(C9="","",F9+G9) | K9: =IF(C9="","",IFERROR(J9/E9,0)) | L9: =IF(C9="","",IF(K9>=1,"Đủ công",IF(K9>=0.9,"Khá","Cần xem lại")))
C10: =IFERROR(INDEX('Danh sách NV'!$C$2:$C$500,MATCH(B10,'Danh sách NV'!$B$2:$B$500,0)),"") | D10: =IFERROR(INDEX('Danh sách NV'!$D$2:$D$500,MATCH(B10,'Danh sách NV'!$B$2:$B$500,0)),"") | G10: =IF(B10="","",SUMIF('Nghỉ phép'!$B$2:$B$500,B10,'Nghỉ phép'!$K$2:$K$500)) | H10: =IF(B10="","",SUMIF('Nghỉ phép'!$B$2:$B$500,B10,'Nghỉ phép'!$L$2:$L$500)) | J10: =IF(C10="","",F10+G10) | K10: =IF(C10="","",IFERROR(J10/E10,0)) | L10: =IF(C10="","",IF(K10>=1,"Đủ công",IF(K10>=0.9,"Khá","Cần xem lại")))
C11: =IFERROR(INDEX('Danh sách NV'!$C$2:$C$500,MATCH(B11,'Danh sách NV'!$B$2:$B$500,0)),"") | D11: =IFERROR(INDEX('Danh sách NV'!$D$2:$D$500,MATCH(B11,'Danh sách NV'!$B$2:$B$500,0)),"") | G11: =IF(B11="","",SUMIF('Nghỉ phép'!$B$2:$B$500,B11,'Nghỉ phép'!$K$2:$K$500)) | H11: =IF(B11="","",SUMIF('Nghỉ phép'!$B$2:$B$500,B11,'Nghỉ phép'!$L$2:$L$500)) | J11: =IF(C11="","",F11+G11) | K11: =IF(C11="","",IFERROR(J11/E11,0)) | L11: =IF(C11="","",IF(K11>=1,"Đủ công",IF(K11>=0.9,"Khá","Cần xem lại")))
C12: =IFERROR(INDEX('Danh sách NV'!$C$2:$C$500,MATCH(B12,'Danh sách NV'!$B$2:$B$500,0)),"") | D12: =IFERROR(INDEX('Danh sách NV'!$D$2:$D$500,MATCH(B12,'Danh sách NV'!$B$2:$B$500,0)),"") | G12: =IF(B12="","",SUMIF('Nghỉ phép'!$B$2:$B$500,B12,'Nghỉ phép'!$K$2:$K$500)) | H12: =IF(B12="","",SUMIF('Nghỉ phép'!$B$2:$B$500,B12,'Nghỉ phép'!$L$2:$L$500)) | J12: =IF(C12="","",F12+G12) | K12: =IF(C12="","",IFERROR(J12/E12,0)) | L12: =IF(C12="","",IF(K12>=1,"Đủ công",IF(K12>=0.9,"Khá","Cần xem lại")))
C13: =IFERROR(INDEX('Danh sách NV'!$C$2:$C$500,MATCH(B13,'Danh sách NV'!$B$2:$B$500,0)),"") | D13: =IFERROR(INDEX('Danh sách NV'!$D$2:$D$500,MATCH(B13,'Danh sách NV'!$B$2:$B$500,0)),"") | G13: =IF(B13="","",SUMIF('Nghỉ phép'!$B$2:$B$500,B13,'Nghỉ phép'!$K$2:$K$500)) | H13: =IF(B13="","",SUMIF('Nghỉ phép'!$B$2:$B$500,B13,'Nghỉ phép'!$L$2:$L$500)) | J13: =IF(C13="","",F13+G13) | K13: =IF(C13="","",IFERROR(J13/E13,0)) | L13: =IF(C13="","",IF(K13>=1,"Đủ công",IF(K13>=0.9,"Khá","Cần xem lại")))
C14: =IFERROR(INDEX('Danh sách NV'!$C$2:$C$500,MATCH(B14,'Danh sách NV'!$B$2:$B$500,0)),"") | D14: =IFERROR(INDEX('Danh sách NV'!$D$2:$D$500,MATCH(B14,'Danh sách NV'!$B$2:$B$500,0)),"") | G14: =IF(B14="","",SUMIF('Nghỉ phép'!$B$2:$B$500,B14,'Nghỉ phép'!$K$2:$K$500)) | H14: =IF(B14="","",SUMIF('Nghỉ phép'!$B$2:$B$500,B14,'Nghỉ phép'!$L$2:$L$500)) | J14: =IF(C14="","",F14+G14) | K14: =IF(C14="","",IFERROR(J14/E14,0)) | L14: =IF(C14="","",IF(K14>=1,"Đủ công",IF(K14>=0.9,"Khá","Cần xem lại")))
C15: =IFERROR(INDEX('Danh sách NV'!$C$2:$C$500,MATCH(B15,'Danh sách NV'!$B$2:$B$500,0)),"") | D15: =IFERROR(INDEX('Danh sách NV'!$D$2:$D$500,MATCH(B15,'Danh sách NV'!$B$2:$B$500,0)),"") | G15: =IF(B15="","",SUMIF('Nghỉ phép'!$B$2:$B$500,B15,'Nghỉ phép'!$K$2:$K$500)) | H15: =IF(B15="","",SUMIF('Nghỉ phép'!$B$2:$B$500,B15,'Nghỉ phép'!$L$2:$L$500)) | J15: =IF(C15="","",F15+G15) | K15: =IF(C15="","",IFERROR(J15/E15,0)) | L15: =IF(C15="","",IF(K15>=1,"Đủ công",IF(K15>=0.9,"Khá","Cần xem lại")))
C16: =IFERROR(INDEX('Danh sách NV'!$C$2:$C$500,MATCH(B16,'Danh sách NV'!$B$2:$B$500,0)),"") | D16: =IFERROR(INDEX('Danh sách NV'!$D$2:$D$500,MATCH(B16,'Danh sách NV'!$B$2:$B$500,0)),"") | G16: =IF(B16="","",SUMIF('Nghỉ phép'!$B$2:$B$500,B16,'Nghỉ phép'!$K$2:$K$500)) | H16: =IF(B16="","",SUMIF('Nghỉ phép'!$B$2:$B$500,B16,'Nghỉ phép'!$L$2:$L$500)) | J16: =IF(C16="","",F16+G16) | K16: =IF(C16="","",IFERROR(J16/E16,0)) | L16: =IF(C16="","",IF(K16>=1,"Đủ công",IF(K16>=0.9,"Khá","Cần xem lại")))
C17: =IFERROR(INDEX('Danh sách NV'!$C$2:$C$500,MATCH(B17,'Danh sách NV'!$B$2:$B$500,0)),"") | D17: =IFERROR(INDEX('Danh sách NV'!$D$2:$D$500,MATCH(B17,'Danh sách NV'!$B$2:$B$500,0)),"") | G17: =IF(B17="","",SUMIF('Nghỉ phép'!$B$2:$B$500,B17,'Nghỉ phép'!$K$2:$K$500)) | H17: =IF(B17="","",SUMIF('Nghỉ phép'!$B$2:$B$500,B17,'Nghỉ phép'!$L$2:$L$500)) | J17: =IF(C17="","",F17+G17) | K17: =IF(C17="","",IFERROR(J17/E17,0)) | L17: =IF(C17="","",IF(K17>=1,"Đủ công",IF(K17>=0.9,"Khá","Cần xem lại")))
... C25: =IFERROR(INDEX('Danh sách NV'!$C$2:$C$500,MATCH(B25,'Danh sách NV'!$B$2:$B$500,0)),"") | D25: =IFERROR(INDEX('Danh sách NV'!$D$2:$D$500,MATCH(B25,'Danh sách NV'!$B$2:$B$500,0)),"") | G25: =IF(B25="","",SUMIF('Nghỉ phép'!$B$2:$B$500,B25,'Nghỉ phép'!$K$2:$K$500)) | H25: =IF(B25="","",SUMIF('Nghỉ phép'!$B$2:$B$500,B25,'Nghỉ phép'!$L$2:$L$500)) | J25: =IF(C25="","",F25+G25) | K25: =IF(C25="","",IFERROR(J25/E25,0)) | L25: =IF(C25="","",IF(K25>=1,"Đủ công",IF(K25>=0.9,"Khá","Cần xem lại")))

Sheet Bảng lương
A1: STT | B1: Mã NV | C1: Họ và tên | D1: Bộ phận | E1: Lương cơ bản | F1: Phụ cấp | G1: Công chuẩn | H1: Công hưởng lương | I1: Số người phụ thuộc | J1: Lương theo công | K1: Tổng thu nhập | L1: Bảo hiểm (10,5%) | M1: Giảm trừ gia cảnh | N1: Thu nhập tính thuế | O1: Thuế TNCN | P1: Thực lĩnh
A2: 1 | B2: NV001 | C2: =IFERROR(INDEX('Danh sách NV'!$C$2:$C$500,MATCH(B2,'Danh sách NV'!$B$2:$B$500,0)),"") | D2: =IFERROR(INDEX('Danh sách NV'!$D$2:$D$500,MATCH(B2,'Danh sách NV'!$B$2:$B$500,0)),"") | E2: =IFERROR(INDEX('Danh sách NV'!$H$2:$H$500,MATCH(B2,'Danh sách NV'!$B$2:$B$500,0)),0) | F2: =IFERROR(INDEX('Danh sách NV'!$I$2:$I$500,MATCH(B2,'Danh sách NV'!$B$2:$B$500,0)),0) | G2: =IFERROR(INDEX('Chấm công'!$E$2:$E$500,MATCH(B2,'Chấm công'!$B$2:$B$500,0)),0) | H2: =IF(B2="","",SUMIF('Chấm công'!$B$2:$B$500,B2,'Chấm công'!$J$2:$J$500)) | I2: =IFERROR(INDEX('Danh sách NV'!$J$2:$J$500,MATCH(B2,'Danh sách NV'!$B$2:$B$500,0)),0) | J2: =IF(C2="","",IFERROR(ROUND(E2/G2*H2,0),0)) | K2: =IF(C2="","",J2+F2) | L2: =IF(C2="","",E2*10.5%) | M2: =IF(C2="","",15500000+I2*6200000) | N2: =IF(C2="","",MAX(0,K2-L2-M2)) | O2: =IF(C2="","",IF(N2<=10000000,N2*5%,IF(N2<=30000000,N2*10%-500000,IF(N2<=60000000,N2*20%-3500000,IF(N2<=100000000,N2*30%-9500000,N2*35%-14500000))))) | P2: =IF(C2="","",K2-L2-O2)
A3: 2 | B3: NV002 | C3: =IFERROR(INDEX('Danh sách NV'!$C$2:$C$500,MATCH(B3,'Danh sách NV'!$B$2:$B$500,0)),"") | D3: =IFERROR(INDEX('Danh sách NV'!$D$2:$D$500,MATCH(B3,'Danh sách NV'!$B$2:$B$500,0)),"") | E3: =IFERROR(INDEX('Danh sách NV'!$H$2:$H$500,MATCH(B3,'Danh sách NV'!$B$2:$B$500,0)),0) | F3: =IFERROR(INDEX('Danh sách NV'!$I$2:$I$500,MATCH(B3,'Danh sách NV'!$B$2:$B$500,0)),0) | G3: =IFERROR(INDEX('Chấm công'!$E$2:$E$500,MATCH(B3,'Chấm công'!$B$2:$B$500,0)),0) | H3: =IF(B3="","",SUMIF('Chấm công'!$B$2:$B$500,B3,'Chấm công'!$J$2:$J$500)) | I3: =IFERROR(INDEX('Danh sách NV'!$J$2:$J$500,MATCH(B3,'Danh sách NV'!$B$2:$B$500,0)),0) | J3: =IF(C3="","",IFERROR(ROUND(E3/G3*H3,0),0)) | K3: =IF(C3="","",J3+F3) | L3: =IF(C3="","",E3*10.5%) | M3: =IF(C3="","",15500000+I3*6200000) | N3: =IF(C3="","",MAX(0,K3-L3-M3)) | O3: =IF(C3="","",IF(N3<=10000000,N3*5%,IF(N3<=30000000,N3*10%-500000,IF(N3<=60000000,N3*20%-3500000,IF(N3<=100000000,N3*30%-9500000,N3*35%-14500000))))) | P3: =IF(C3="","",K3-L3-O3)
A4: 3 | B4: NV003 | C4: =IFERROR(INDEX('Danh sách NV'!$C$2:$C$500,MATCH(B4,'Danh sách NV'!$B$2:$B$500,0)),"") | D4: =IFERROR(INDEX('Danh sách NV'!$D$2:$D$500,MATCH(B4,'Danh sách NV'!$B$2:$B$500,0)),"") | E4: =IFERROR(INDEX('Danh sách NV'!$H$2:$H$500,MATCH(B4,'Danh sách NV'!$B$2:$B$500,0)),0) | F4: =IFERROR(INDEX('Danh sách NV'!$I$2:$I$500,MATCH(B4,'Danh sách NV'!$B$2:$B$500,0)),0) | G4: =IFERROR(INDEX('Chấm công'!$E$2:$E$500,MATCH(B4,'Chấm công'!$B$2:$B$500,0)),0) | H4: =IF(B4="","",SUMIF('Chấm công'!$B$2:$B$500,B4,'Chấm công'!$J$2:$J$500)) | I4: =IFERROR(INDEX('Danh sách NV'!$J$2:$J$500,MATCH(B4,'Danh sách NV'!$B$2:$B$500,0)),0) | J4: =IF(C4="","",IFERROR(ROUND(E4/G4*H4,0),0)) | K4: =IF(C4="","",J4+F4) | L4: =IF(C4="","",E4*10.5%) | M4: =IF(C4="","",15500000+I4*6200000) | N4: =IF(C4="","",MAX(0,K4-L4-M4)) | O4: =IF(C4="","",IF(N4<=10000000,N4*5%,IF(N4<=30000000,N4*10%-500000,IF(N4<=60000000,N4*20%-3500000,IF(N4<=100000000,N4*30%-9500000,N4*35%-14500000))))) | P4: =IF(C4="","",K4-L4-O4)
A5: 4 | B5: NV004 | C5: =IFERROR(INDEX('Danh sách NV'!$C$2:$C$500,MATCH(B5,'Danh sách NV'!$B$2:$B$500,0)),"") | D5: =IFERROR(INDEX('Danh sách NV'!$D$2:$D$500,MATCH(B5,'Danh sách NV'!$B$2:$B$500,0)),"") | E5: =IFERROR(INDEX('Danh sách NV'!$H$2:$H$500,MATCH(B5,'Danh sách NV'!$B$2:$B$500,0)),0) | F5: =IFERROR(INDEX('Danh sách NV'!$I$2:$I$500,MATCH(B5,'Danh sách NV'!$B$2:$B$500,0)),0) | G5: =IFERROR(INDEX('Chấm công'!$E$2:$E$500,MATCH(B5,'Chấm công'!$B$2:$B$500,0)),0) | H5: =IF(B5="","",SUMIF('Chấm công'!$B$2:$B$500,B5,'Chấm công'!$J$2:$J$500)) | I5: =IFERROR(INDEX('Danh sách NV'!$J$2:$J$500,MATCH(B5,'Danh sách NV'!$B$2:$B$500,0)),0) | J5: =IF(C5="","",IFERROR(ROUND(E5/G5*H5,0),0)) | K5: =IF(C5="","",J5+F5) | L5: =IF(C5="","",E5*10.5%) | M5: =IF(C5="","",15500000+I5*6200000) | N5: =IF(C5="","",MAX(0,K5-L5-M5)) | O5: =IF(C5="","",IF(N5<=10000000,N5*5%,IF(N5<=30000000,N5*10%-500000,IF(N5<=60000000,N5*20%-3500000,IF(N5<=100000000,N5*30%-9500000,N5*35%-14500000))))) | P5: =IF(C5="","",K5-L5-O5)
C6: =IFERROR(INDEX('Danh sách NV'!$C$2:$C$500,MATCH(B6,'Danh sách NV'!$B$2:$B$500,0)),"") | D6: =IFERROR(INDEX('Danh sách NV'!$D$2:$D$500,MATCH(B6,'Danh sách NV'!$B$2:$B$500,0)),"") | E6: =IFERROR(INDEX('Danh sách NV'!$H$2:$H$500,MATCH(B6,'Danh sách NV'!$B$2:$B$500,0)),0) | F6: =IFERROR(INDEX('Danh sách NV'!$I$2:$I$500,MATCH(B6,'Danh sách NV'!$B$2:$B$500,0)),0) | G6: =IFERROR(INDEX('Chấm công'!$E$2:$E$500,MATCH(B6,'Chấm công'!$B$2:$B$500,0)),0) | H6: =IF(B6="","",SUMIF('Chấm công'!$B$2:$B$500,B6,'Chấm công'!$J$2:$J$500)) | I6: =IFERROR(INDEX('Danh sách NV'!$J$2:$J$500,MATCH(B6,'Danh sách NV'!$B$2:$B$500,0)),0) | J6: =IF(C6="","",IFERROR(ROUND(E6/G6*H6,0),0)) | K6: =IF(C6="","",J6+F6) | L6: =IF(C6="","",E6*10.5%) | M6: =IF(C6="","",15500000+I6*6200000) | N6: =IF(C6="","",MAX(0,K6-L6-M6)) | O6: =IF(C6="","",IF(N6<=10000000,N6*5%,IF(N6<=30000000,N6*10%-500000,IF(N6<=60000000,N6*20%-3500000,IF(N6<=100000000,N6*30%-9500000,N6*35%-14500000))))) | P6: =IF(C6="","",K6-L6-O6)
C7: =IFERROR(INDEX('Danh sách NV'!$C$2:$C$500,MATCH(B7,'Danh sách NV'!$B$2:$B$500,0)),"") | D7: =IFERROR(INDEX('Danh sách NV'!$D$2:$D$500,MATCH(B7,'Danh sách NV'!$B$2:$B$500,0)),"") | E7: =IFERROR(INDEX('Danh sách NV'!$H$2:$H$500,MATCH(B7,'Danh sách NV'!$B$2:$B$500,0)),0) | F7: =IFERROR(INDEX('Danh sách NV'!$I$2:$I$500,MATCH(B7,'Danh sách NV'!$B$2:$B$500,0)),0) | G7: =IFERROR(INDEX('Chấm công'!$E$2:$E$500,MATCH(B7,'Chấm công'!$B$2:$B$500,0)),0) | H7: =IF(B7="","",SUMIF('Chấm công'!$B$2:$B$500,B7,'Chấm công'!$J$2:$J$500)) | I7: =IFERROR(INDEX('Danh sách NV'!$J$2:$J$500,MATCH(B7,'Danh sách NV'!$B$2:$B$500,0)),0) | J7: =IF(C7="","",IFERROR(ROUND(E7/G7*H7,0),0)) | K7: =IF(C7="","",J7+F7) | L7: =IF(C7="","",E7*10.5%) | M7: =IF(C7="","",15500000+I7*6200000) | N7: =IF(C7="","",MAX(0,K7-L7-M7)) | O7: =IF(C7="","",IF(N7<=10000000,N7*5%,IF(N7<=30000000,N7*10%-500000,IF(N7<=60000000,N7*20%-3500000,IF(N7<=100000000,N7*30%-9500000,N7*35%-14500000))))) | P7: =IF(C7="","",K7-L7-O7)
C8: =IFERROR(INDEX('Danh sách NV'!$C$2:$C$500,MATCH(B8,'Danh sách NV'!$B$2:$B$500,0)),"") | D8: =IFERROR(INDEX('Danh sách NV'!$D$2:$D$500,MATCH(B8,'Danh sách NV'!$B$2:$B$500,0)),"") | E8: =IFERROR(INDEX('Danh sách NV'!$H$2:$H$500,MATCH(B8,'Danh sách NV'!$B$2:$B$500,0)),0) | F8: =IFERROR(INDEX('Danh sách NV'!$I$2:$I$500,MATCH(B8,'Danh sách NV'!$B$2:$B$500,0)),0) | G8: =IFERROR(INDEX('Chấm công'!$E$2:$E$500,MATCH(B8,'Chấm công'!$B$2:$B$500,0)),0) | H8: =IF(B8="","",SUMIF('Chấm công'!$B$2:$B$500,B8,'Chấm công'!$J$2:$J$500)) | I8: =IFERROR(INDEX('Danh sách NV'!$J$2:$J$500,MATCH(B8,'Danh sách NV'!$B$2:$B$500,0)),0) | J8: =IF(C8="","",IFERROR(ROUND(E8/G8*H8,0),0)) | K8: =IF(C8="","",J8+F8) | L8: =IF(C8="","",E8*10.5%) | M8: =IF(C8="","",15500000+I8*6200000) | N8: =IF(C8="","",MAX(0,K8-L8-M8)) | O8: =IF(C8="","",IF(N8<=10000000,N8*5%,IF(N8<=30000000,N8*10%-500000,IF(N8<=60000000,N8*20%-3500000,IF(N8<=100000000,N8*30%-9500000,N8*35%-14500000))))) | P8: =IF(C8="","",K8-L8-O8)
C9: =IFERROR(INDEX('Danh sách NV'!$C$2:$C$500,MATCH(B9,'Danh sách NV'!$B$2:$B$500,0)),"") | D9: =IFERROR(INDEX('Danh sách NV'!$D$2:$D$500,MATCH(B9,'Danh sách NV'!$B$2:$B$500,0)),"") | E9: =IFERROR(INDEX('Danh sách NV'!$H$2:$H$500,MATCH(B9,'Danh sách NV'!$B$2:$B$500,0)),0) | F9: =IFERROR(INDEX('Danh sách NV'!$I$2:$I$500,MATCH(B9,'Danh sách NV'!$B$2:$B$500,0)),0) | G9: =IFERROR(INDEX('Chấm công'!$E$2:$E$500,MATCH(B9,'Chấm công'!$B$2:$B$500,0)),0) | H9: =IF(B9="","",SUMIF('Chấm công'!$B$2:$B$500,B9,'Chấm công'!$J$2:$J$500)) | I9: =IFERROR(INDEX('Danh sách NV'!$J$2:$J$500,MATCH(B9,'Danh sách NV'!$B$2:$B$500,0)),0) | J9: =IF(C9="","",IFERROR(ROUND(E9/G9*H9,0),0)) | K9: =IF(C9="","",J9+F9) | L9: =IF(C9="","",E9*10.5%) | M9: =IF(C9="","",15500000+I9*6200000) | N9: =IF(C9="","",MAX(0,K9-L9-M9)) | O9: =IF(C9="","",IF(N9<=10000000,N9*5%,IF(N9<=30000000,N9*10%-500000,IF(N9<=60000000,N9*20%-3500000,IF(N9<=100000000,N9*30%-9500000,N9*35%-14500000))))) | P9: =IF(C9="","",K9-L9-O9)
C10: =IFERROR(INDEX('Danh sách NV'!$C$2:$C$500,MATCH(B10,'Danh sách NV'!$B$2:$B$500,0)),"") | D10: =IFERROR(INDEX('Danh sách NV'!$D$2:$D$500,MATCH(B10,'Danh sách NV'!$B$2:$B$500,0)),"") | E10: =IFERROR(INDEX('Danh sách NV'!$H$2:$H$500,MATCH(B10,'Danh sách NV'!$B$2:$B$500,0)),0) | F10: =IFERROR(INDEX('Danh sách NV'!$I$2:$I$500,MATCH(B10,'Danh sách NV'!$B$2:$B$500,0)),0) | G10: =IFERROR(INDEX('Chấm công'!$E$2:$E$500,MATCH(B10,'Chấm công'!$B$2:$B$500,0)),0) | H10: =IF(B10="","",SUMIF('Chấm công'!$B$2:$B$500,B10,'Chấm công'!$J$2:$J$500)) | I10: =IFERROR(INDEX('Danh sách NV'!$J$2:$J$500,MATCH(B10,'Danh sách NV'!$B$2:$B$500,0)),0) | J10: =IF(C10="","",IFERROR(ROUND(E10/G10*H10,0),0)) | K10: =IF(C10="","",J10+F10) | L10: =IF(C10="","",E10*10.5%) | M10: =IF(C10="","",15500000+I10*6200000) | N10: =IF(C10="","",MAX(0,K10-L10-M10)) | O10: =IF(C10="","",IF(N10<=10000000,N10*5%,IF(N10<=30000000,N10*10%-500000,IF(N10<=60000000,N10*20%-3500000,IF(N10<=100000000,N10*30%-9500000,N10*35%-14500000))))) | P10: =IF(C10="","",K10-L10-O10)
C11: =IFERROR(INDEX('Danh sách NV'!$C$2:$C$500,MATCH(B11,'Danh sách NV'!$B$2:$B$500,0)),"") | D11: =IFERROR(INDEX('Danh sách NV'!$D$2:$D$500,MATCH(B11,'Danh sách NV'!$B$2:$B$500,0)),"") | E11: =IFERROR(INDEX('Danh sách NV'!$H$2:$H$500,MATCH(B11,'Danh sách NV'!$B$2:$B$500,0)),0) | F11: =IFERROR(INDEX('Danh sách NV'!$I$2:$I$500,MATCH(B11,'Danh sách NV'!$B$2:$B$500,0)),0) | G11: =IFERROR(INDEX('Chấm công'!$E$2:$E$500,MATCH(B11,'Chấm công'!$B$2:$B$500,0)),0) | H11: =IF(B11="","",SUMIF('Chấm công'!$B$2:$B$500,B11,'Chấm công'!$J$2:$J$500)) | I11: =IFERROR(INDEX('Danh sách NV'!$J$2:$J$500,MATCH(B11,'Danh sách NV'!$B$2:$B$500,0)),0) | J11: =IF(C11="","",IFERROR(ROUND(E11/G11*H11,0),0)) | K11: =IF(C11="","",J11+F11) | L11: =IF(C11="","",E11*10.5%) | M11: =IF(C11="","",15500000+I11*6200000) | N11: =IF(C11="","",MAX(0,K11-L11-M11)) | O11: =IF(C11="","",IF(N11<=10000000,N11*5%,IF(N11<=30000000,N11*10%-500000,IF(N11<=60000000,N11*20%-3500000,IF(N11<=100000000,N11*30%-9500000,N11*35%-14500000))))) | P11: =IF(C11="","",K11-L11-O11)
C12: =IFERROR(INDEX('Danh sách NV'!$C$2:$C$500,MATCH(B12,'Danh sách NV'!$B$2:$B$500,0)),"") | D12: =IFERROR(INDEX('Danh sách NV'!$D$2:$D$500,MATCH(B12,'Danh sách NV'!$B$2:$B$500,0)),"") | E12: =IFERROR(INDEX('Danh sách NV'!$H$2:$H$500,MATCH(B12,'Danh sách NV'!$B$2:$B$500,0)),0) | F12: =IFERROR(INDEX('Danh sách NV'!$I$2:$I$500,MATCH(B12,'Danh sách NV'!$B$2:$B$500,0)),0) | G12: =IFERROR(INDEX('Chấm công'!$E$2:$E$500,MATCH(B12,'Chấm công'!$B$2:$B$500,0)),0) | H12: =IF(B12="","",SUMIF('Chấm công'!$B$2:$B$500,B12,'Chấm công'!$J$2:$J$500)) | I12: =IFERROR(INDEX('Danh sách NV'!$J$2:$J$500,MATCH(B12,'Danh sách NV'!$B$2:$B$500,0)),0) | J12: =IF(C12="","",IFERROR(ROUND(E12/G12*H12,0),0)) | K12: =IF(C12="","",J12+F12) | L12: =IF(C12="","",E12*10.5%) | M12: =IF(C12="","",15500000+I12*6200000) | N12: =IF(C12="","",MAX(0,K12-L12-M12)) | O12: =IF(C12="","",IF(N12<=10000000,N12*5%,IF(N12<=30000000,N12*10%-500000,IF(N12<=60000000,N12*20%-3500000,IF(N12<=100000000,N12*30%-9500000,N12*35%-14500000))))) | P12: =IF(C12="","",K12-L12-O12)
C13: =IFERROR(INDEX('Danh sách NV'!$C$2:$C$500,MATCH(B13,'Danh sách NV'!$B$2:$B$500,0)),"") | D13: =IFERROR(INDEX('Danh sách NV'!$D$2:$D$500,MATCH(B13,'Danh sách NV'!$B$2:$B$500,0)),"") | E13: =IFERROR(INDEX('Danh sách NV'!$H$2:$H$500,MATCH(B13,'Danh sách NV'!$B$2:$B$500,0)),0) | F13: =IFERROR(INDEX('Danh sách NV'!$I$2:$I$500,MATCH(B13,'Danh sách NV'!$B$2:$B$500,0)),0) | G13: =IFERROR(INDEX('Chấm công'!$E$2:$E$500,MATCH(B13,'Chấm công'!$B$2:$B$500,0)),0) | H13: =IF(B13="","",SUMIF('Chấm công'!$B$2:$B$500,B13,'Chấm công'!$J$2:$J$500)) | I13: =IFERROR(INDEX('Danh sách NV'!$J$2:$J$500,MATCH(B13,'Danh sách NV'!$B$2:$B$500,0)),0) | J13: =IF(C13="","",IFERROR(ROUND(E13/G13*H13,0),0)) | K13: =IF(C13="","",J13+F13) | L13: =IF(C13="","",E13*10.5%) | M13: =IF(C13="","",15500000+I13*6200000) | N13: =IF(C13="","",MAX(0,K13-L13-M13)) | O13: =IF(C13="","",IF(N13<=10000000,N13*5%,IF(N13<=30000000,N13*10%-500000,IF(N13<=60000000,N13*20%-3500000,IF(N13<=100000000,N13*30%-9500000,N13*35%-14500000))))) | P13: =IF(C13="","",K13-L13-O13)
C14: =IFERROR(INDEX('Danh sách NV'!$C$2:$C$500,MATCH(B14,'Danh sách NV'!$B$2:$B$500,0)),"") | D14: =IFERROR(INDEX('Danh sách NV'!$D$2:$D$500,MATCH(B14,'Danh sách NV'!$B$2:$B$500,0)),"") | E14: =IFERROR(INDEX('Danh sách NV'!$H$2:$H$500,MATCH(B14,'Danh sách NV'!$B$2:$B$500,0)),0) | F14: =IFERROR(INDEX('Danh sách NV'!$I$2:$I$500,MATCH(B14,'Danh sách NV'!$B$2:$B$500,0)),0) | G14: =IFERROR(INDEX('Chấm công'!$E$2:$E$500,MATCH(B14,'Chấm công'!$B$2:$B$500,0)),0) | H14: =IF(B14="","",SUMIF('Chấm công'!$B$2:$B$500,B14,'Chấm công'!$J$2:$J$500)) | I14: =IFERROR(INDEX('Danh sách NV'!$J$2:$J$500,MATCH(B14,'Danh sách NV'!$B$2:$B$500,0)),0) | J14: =IF(C14="","",IFERROR(ROUND(E14/G14*H14,0),0)) | K14: =IF(C14="","",J14+F14) | L14: =IF(C14="","",E14*10.5%) | M14: =IF(C14="","",15500000+I14*6200000) | N14: =IF(C14="","",MAX(0,K14-L14-M14)) | O14: =IF(C14="","",IF(N14<=10000000,N14*5%,IF(N14<=30000000,N14*10%-500000,IF(N14<=60000000,N14*20%-3500000,IF(N14<=100000000,N14*30%-9500000,N14*35%-14500000))))) | P14: =IF(C14="","",K14-L14-O14)
C15: =IFERROR(INDEX('Danh sách NV'!$C$2:$C$500,MATCH(B15,'Danh sách NV'!$B$2:$B$500,0)),"") | D15: =IFERROR(INDEX('Danh sách NV'!$D$2:$D$500,MATCH(B15,'Danh sách NV'!$B$2:$B$500,0)),"") | E15: =IFERROR(INDEX('Danh sách NV'!$H$2:$H$500,MATCH(B15,'Danh sách NV'!$B$2:$B$500,0)),0) | F15: =IFERROR(INDEX('Danh sách NV'!$I$2:$I$500,MATCH(B15,'Danh sách NV'!$B$2:$B$500,0)),0) | G15: =IFERROR(INDEX('Chấm công'!$E$2:$E$500,MATCH(B15,'Chấm công'!$B$2:$B$500,0)),0) | H15: =IF(B15="","",SUMIF('Chấm công'!$B$2:$B$500,B15,'Chấm công'!$J$2:$J$500)) | I15: =IFERROR(INDEX('Danh sách NV'!$J$2:$J$500,MATCH(B15,'Danh sách NV'!$B$2:$B$500,0)),0) | J15: =IF(C15="","",IFERROR(ROUND(E15/G15*H15,0),0)) | K15: =IF(C15="","",J15+F15) | L15: =IF(C15="","",E15*10.5%) | M15: =IF(C15="","",15500000+I15*6200000) | N15: =IF(C15="","",MAX(0,K15-L15-M15)) | O15: =IF(C15="","",IF(N15<=10000000,N15*5%,IF(N15<=30000000,N15*10%-500000,IF(N15<=60000000,N15*20%-3500000,IF(N15<=100000000,N15*30%-9500000,N15*35%-14500000))))) | P15: =IF(C15="","",K15-L15-O15)
C16: =IFERROR(INDEX('Danh sách NV'!$C$2:$C$500,MATCH(B16,'Danh sách NV'!$B$2:$B$500,0)),"") | D16: =IFERROR(INDEX('Danh sách NV'!$D$2:$D$500,MATCH(B16,'Danh sách NV'!$B$2:$B$500,0)),"") | E16: =IFERROR(INDEX('Danh sách NV'!$H$2:$H$500,MATCH(B16,'Danh sách NV'!$B$2:$B$500,0)),0) | F16: =IFERROR(INDEX('Danh sách NV'!$I$2:$I$500,MATCH(B16,'Danh sách NV'!$B$2:$B$500,0)),0) | G16: =IFERROR(INDEX('Chấm công'!$E$2:$E$500,MATCH(B16,'Chấm công'!$B$2:$B$500,0)),0) | H16: =IF(B16="","",SUMIF('Chấm công'!$B$2:$B$500,B16,'Chấm công'!$J$2:$J$500)) | I16: =IFERROR(INDEX('Danh sách NV'!$J$2:$J$500,MATCH(B16,'Danh sách NV'!$B$2:$B$500,0)),0) | J16: =IF(C16="","",IFERROR(ROUND(E16/G16*H16,0),0)) | K16: =IF(C16="","",J16+F16) | L16: =IF(C16="","",E16*10.5%) | M16: =IF(C16="","",15500000+I16*6200000) | N16: =IF(C16="","",MAX(0,K16-L16-M16)) | O16: =IF(C16="","",IF(N16<=10000000,N16*5%,IF(N16<=30000000,N16*10%-500000,IF(N16<=60000000,N16*20%-3500000,IF(N16<=100000000,N16*30%-9500000,N16*35%-14500000))))) | P16: =IF(C16="","",K16-L16-O16)
C17: =IFERROR(INDEX('Danh sách NV'!$C$2:$C$500,MATCH(B17,'Danh sách NV'!$B$2:$B$500,0)),"") | D17: =IFERROR(INDEX('Danh sách NV'!$D$2:$D$500,MATCH(B17,'Danh sách NV'!$B$2:$B$500,0)),"") | E17: =IFERROR(INDEX('Danh sách NV'!$H$2:$H$500,MATCH(B17,'Danh sách NV'!$B$2:$B$500,0)),0) | F17: =IFERROR(INDEX('Danh sách NV'!$I$2:$I$500,MATCH(B17,'Danh sách NV'!$B$2:$B$500,0)),0) | G17: =IFERROR(INDEX('Chấm công'!$E$2:$E$500,MATCH(B17,'Chấm công'!$B$2:$B$500,0)),0) | H17: =IF(B17="","",SUMIF('Chấm công'!$B$2:$B$500,B17,'Chấm công'!$J$2:$J$500)) | I17: =IFERROR(INDEX('Danh sách NV'!$J$2:$J$500,MATCH(B17,'Danh sách NV'!$B$2:$B$500,0)),0) | J17: =IF(C17="","",IFERROR(ROUND(E17/G17*H17,0),0)) | K17: =IF(C17="","",J17+F17) | L17: =IF(C17="","",E17*10.5%) | M17: =IF(C17="","",15500000+I17*6200000) | N17: =IF(C17="","",MAX(0,K17-L17-M17)) | O17: =IF(C17="","",IF(N17<=10000000,N17*5%,IF(N17<=30000000,N17*10%-500000,IF(N17<=60000000,N17*20%-3500000,IF(N17<=100000000,N17*30%-9500000,N17*35%-14500000))))) | P17: =IF(C17="","",K17-L17-O17)
... C25: =IFERROR(INDEX('Danh sách NV'!$C$2:$C$500,MATCH(B25,'Danh sách NV'!$B$2:$B$500,0)),"") | D25: =IFERROR(INDEX('Danh sách NV'!$D$2:$D$500,MATCH(B25,'Danh sách NV'!$B$2:$B$500,0)),"") | E25: =IFERROR(INDEX('Danh sách NV'!$H$2:$H$500,MATCH(B25,'Danh sách NV'!$B$2:$B$500,0)),0) | F25: =IFERROR(INDEX('Danh sách NV'!$I$2:$I$500,MATCH(B25,'Danh sách NV'!$B$2:$B$500,0)),0) | G25: =IFERROR(INDEX('Chấm công'!$E$2:$E$500,MATCH(B25,'Chấm công'!$B$2:$B$500,0)),0) | H25: =IF(B25="","",SUMIF('Chấm công'!$B$2:$B$500,B25,'Chấm công'!$J$2:$J$500)) | I25: =IFERROR(INDEX('Danh sách NV'!$J$2:$J$500,MATCH(B25,'Danh sách NV'!$B$2:$B$500,0)),0) | J25: =IF(C25="","",IFERROR(ROUND(E25/G25*H25,0),0)) | K25: =IF(C25="","",J25+F25) | L25: =IF(C25="","",E25*10.5%) | M25: =IF(C25="","",15500000+I25*6200000) | N25: =IF(C25="","",MAX(0,K25-L25-M25)) | O25: =IF(C25="","",IF(N25<=10000000,N25*5%,IF(N25<=30000000,N25*10%-500000,IF(N25<=60000000,N25*20%-3500000,IF(N25<=100000000,N25*30%-9500000,N25*35%-14500000))))) | P25: =IF(C25="","",K25-L25-O25)

Sheet Tổng hợp
A1: STT | B1: Bộ phận | C1: Số nhân viên | D1: Công chuẩn | E1: Tổng công thực tế | F1: Quỹ lương thực chi | G1: Tỷ lệ đi làm | H1: Lương bình quân | I1: Chi phí mỗi ngày công | J1: Cảnh báo
A2: 1 | B2: Kinh doanh | C2: =IF(B2="","",COUNTIFS('Danh sách NV'!$D$2:$D$500,B2,'Danh sách NV'!$K$2:$K$500,"Đang làm")) | D2: =IF(B2="","",IFERROR(SUMIF('Chấm công'!$D$2:$D$500,B2,'Chấm công'!$E$2:$E$500)/COUNTIF('Chấm công'!$D$2:$D$500,B2),0)) | E2: =IF(B2="","",SUMIF('Chấm công'!$D$2:$D$500,B2,'Chấm công'!$J$2:$J$500)) | F2: =IF(B2="","",SUMIF('Bảng lương'!$D$2:$D$500,B2,'Bảng lương'!$P$2:$P$500)) | G2: =IF(B2="","",IFERROR(E2/(C2*D2),0)) | H2: =IF(B2="","",IFERROR(F2/C2,0)) | I2: =IF(B2="","",IFERROR(F2/E2,0)) | J2: =IF(B2="","",IF(C2=0,"Không có NV",IF(G2>=0.95,"Đạt",IF(G2>=0.9,"Theo dõi","Cần xem lại"))))
A3: 2 | B3: Kế toán | C3: =IF(B3="","",COUNTIFS('Danh sách NV'!$D$2:$D$500,B3,'Danh sách NV'!$K$2:$K$500,"Đang làm")) | D3: =IF(B3="","",IFERROR(SUMIF('Chấm công'!$D$2:$D$500,B3,'Chấm công'!$E$2:$E$500)/COUNTIF('Chấm công'!$D$2:$D$500,B3),0)) | E3: =IF(B3="","",SUMIF('Chấm công'!$D$2:$D$500,B3,'Chấm công'!$J$2:$J$500)) | F3: =IF(B3="","",SUMIF('Bảng lương'!$D$2:$D$500,B3,'Bảng lương'!$P$2:$P$500)) | G3: =IF(B3="","",IFERROR(E3/(C3*D3),0)) | H3: =IF(B3="","",IFERROR(F3/C3,0)) | I3: =IF(B3="","",IFERROR(F3/E3,0)) | J3: =IF(B3="","",IF(C3=0,"Không có NV",IF(G3>=0.95,"Đạt",IF(G3>=0.9,"Theo dõi","Cần xem lại"))))
A4: 3 | B4: Nhân sự | C4: =IF(B4="","",COUNTIFS('Danh sách NV'!$D$2:$D$500,B4,'Danh sách NV'!$K$2:$K$500,"Đang làm")) | D4: =IF(B4="","",IFERROR(SUMIF('Chấm công'!$D$2:$D$500,B4,'Chấm công'!$E$2:$E$500)/COUNTIF('Chấm công'!$D$2:$D$500,B4),0)) | E4: =IF(B4="","",SUMIF('Chấm công'!$D$2:$D$500,B4,'Chấm công'!$J$2:$J$500)) | F4: =IF(B4="","",SUMIF('Bảng lương'!$D$2:$D$500,B4,'Bảng lương'!$P$2:$P$500)) | G4: =IF(B4="","",IFERROR(E4/(C4*D4),0)) | H4: =IF(B4="","",IFERROR(F4/C4,0)) | I4: =IF(B4="","",IFERROR(F4/E4,0)) | J4: =IF(B4="","",IF(C4=0,"Không có NV",IF(G4>=0.95,"Đạt",IF(G4>=0.9,"Theo dõi","Cần xem lại"))))
A5: 4 | B5: Kỹ thuật | C5: =IF(B5="","",COUNTIFS('Danh sách NV'!$D$2:$D$500,B5,'Danh sách NV'!$K$2:$K$500,"Đang làm")) | D5: =IF(B5="","",IFERROR(SUMIF('Chấm công'!$D$2:$D$500,B5,'Chấm công'!$E$2:$E$500)/COUNTIF('Chấm công'!$D$2:$D$500,B5),0)) | E5: =IF(B5="","",SUMIF('Chấm công'!$D$2:$D$500,B5,'Chấm công'!$J$2:$J$500)) | F5: =IF(B5="","",SUMIF('Bảng lương'!$D$2:$D$500,B5,'Bảng lương'!$P$2:$P$500)) | G5: =IF(B5="","",IFERROR(E5/(C5*D5),0)) | H5: =IF(B5="","",IFERROR(F5/C5,0)) | I5: =IF(B5="","",IFERROR(F5/E5,0)) | J5: =IF(B5="","",IF(C5=0,"Không có NV",IF(G5>=0.95,"Đạt",IF(G5>=0.9,"Theo dõi","Cần xem lại"))))
A6: 5 | B6: Kho vận | C6: =IF(B6="","",COUNTIFS('Danh sách NV'!$D$2:$D$500,B6,'Danh sách NV'!$K$2:$K$500,"Đang làm")) | D6: =IF(B6="","",IFERROR(SUMIF('Chấm công'!$D$2:$D$500,B6,'Chấm công'!$E$2:$E$500)/COUNTIF('Chấm công'!$D$2:$D$500,B6),0)) | E6: =IF(B6="","",SUMIF('Chấm công'!$D$2:$D$500,B6,'Chấm công'!$J$2:$J$500)) | F6: =IF(B6="","",SUMIF('Bảng lương'!$D$2:$D$500,B6,'Bảng lương'!$P$2:$P$500)) | G6: =IF(B6="","",IFERROR(E6/(C6*D6),0)) | H6: =IF(B6="","",IFERROR(F6/C6,0)) | I6: =IF(B6="","",IFERROR(F6/E6,0)) | J6: =IF(B6="","",IF(C6=0,"Không có NV",IF(G6>=0.95,"Đạt",IF(G6>=0.9,"Theo dõi","Cần xem lại"))))
C7: =IF(B7="","",COUNTIFS('Danh sách NV'!$D$2:$D$500,B7,'Danh sách NV'!$K$2:$K$500,"Đang làm")) | D7: =IF(B7="","",IFERROR(SUMIF('Chấm công'!$D$2:$D$500,B7,'Chấm công'!$E$2:$E$500)/COUNTIF('Chấm công'!$D$2:$D$500,B7),0)) | E7: =IF(B7="","",SUMIF('Chấm công'!$D$2:$D$500,B7,'Chấm công'!$J$2:$J$500)) | F7: =IF(B7="","",SUMIF('Bảng lương'!$D$2:$D$500,B7,'Bảng lương'!$P$2:$P$500)) | G7: =IF(B7="","",IFERROR(E7/(C7*D7),0)) | H7: =IF(B7="","",IFERROR(F7/C7,0)) | I7: =IF(B7="","",IFERROR(F7/E7,0)) | J7: =IF(B7="","",IF(C7=0,"Không có NV",IF(G7>=0.95,"Đạt",IF(G7>=0.9,"Theo dõi","Cần xem lại"))))
C8: =IF(B8="","",COUNTIFS('Danh sách NV'!$D$2:$D$500,B8,'Danh sách NV'!$K$2:$K$500,"Đang làm")) | D8: =IF(B8="","",IFERROR(SUMIF('Chấm công'!$D$2:$D$500,B8,'Chấm công'!$E$2:$E$500)/COUNTIF('Chấm công'!$D$2:$D$500,B8),0)) | E8: =IF(B8="","",SUMIF('Chấm công'!$D$2:$D$500,B8,'Chấm công'!$J$2:$J$500)) | F8: =IF(B8="","",SUMIF('Bảng lương'!$D$2:$D$500,B8,'Bảng lương'!$P$2:$P$500)) | G8: =IF(B8="","",IFERROR(E8/(C8*D8),0)) | H8: =IF(B8="","",IFERROR(F8/C8,0)) | I8: =IF(B8="","",IFERROR(F8/E8,0)) | J8: =IF(B8="","",IF(C8=0,"Không có NV",IF(G8>=0.95,"Đạt",IF(G8>=0.9,"Theo dõi","Cần xem lại"))))
C9: =IF(B9="","",COUNTIFS('Danh sách NV'!$D$2:$D$500,B9,'Danh sách NV'!$K$2:$K$500,"Đang làm")) | D9: =IF(B9="","",IFERROR(SUMIF('Chấm công'!$D$2:$D$500,B9,'Chấm công'!$E$2:$E$500)/COUNTIF('Chấm công'!$D$2:$D$500,B9),0)) | E9: =IF(B9="","",SUMIF('Chấm công'!$D$2:$D$500,B9,'Chấm công'!$J$2:$J$500)) | F9: =IF(B9="","",SUMIF('Bảng lương'!$D$2:$D$500,B9,'Bảng lương'!$P$2:$P$500)) | G9: =IF(B9="","",IFERROR(E9/(C9*D9),0)) | H9: =IF(B9="","",IFERROR(F9/C9,0)) | I9: =IF(B9="","",IFERROR(F9/E9,0)) | J9: =IF(B9="","",IF(C9=0,"Không có NV",IF(G9>=0.95,"Đạt",IF(G9>=0.9,"Theo dõi","Cần xem lại"))))
C10: =IF(B10="","",COUNTIFS('Danh sách NV'!$D$2:$D$500,B10,'Danh sách NV'!$K$2:$K$500,"Đang làm")) | D10: =IF(B10="","",IFERROR(SUMIF('Chấm công'!$D$2:$D$500,B10,'Chấm công'!$E$2:$E$500)/COUNTIF('Chấm công'!$D$2:$D$500,B10),0)) | E10: =IF(B10="","",SUMIF('Chấm công'!$D$2:$D$500,B10,'Chấm công'!$J$2:$J$500)) | F10: =IF(B10="","",SUMIF('Bảng lương'!$D$2:$D$500,B10,'Bảng lương'!$P$2:$P$500)) | G10: =IF(B10="","",IFERROR(E10/(C10*D10),0)) | H10: =IF(B10="","",IFERROR(F10/C10,0)) | I10: =IF(B10="","",IFERROR(F10/E10,0)) | J10: =IF(B10="","",IF(C10=0,"Không có NV",IF(G10>=0.95,"Đạt",IF(G10>=0.9,"Theo dõi","Cần xem lại"))))
C11: =IF(B11="","",COUNTIFS('Danh sách NV'!$D$2:$D$500,B11,'Danh sách NV'!$K$2:$K$500,"Đang làm")) | D11: =IF(B11="","",IFERROR(SUMIF('Chấm công'!$D$2:$D$500,B11,'Chấm công'!$E$2:$E$500)/COUNTIF('Chấm công'!$D$2:$D$500,B11),0)) | E11: =IF(B11="","",SUMIF('Chấm công'!$D$2:$D$500,B11,'Chấm công'!$J$2:$J$500)) | F11: =IF(B11="","",SUMIF('Bảng lương'!$D$2:$D$500,B11,'Bảng lương'!$P$2:$P$500)) | G11: =IF(B11="","",IFERROR(E11/(C11*D11),0)) | H11: =IF(B11="","",IFERROR(F11/C11,0)) | I11: =IF(B11="","",IFERROR(F11/E11,0)) | J11: =IF(B11="","",IF(C11=0,"Không có NV",IF(G11>=0.95,"Đạt",IF(G11>=0.9,"Theo dõi","Cần xem lại"))))
C12: =IF(B12="","",COUNTIFS('Danh sách NV'!$D$2:$D$500,B12,'Danh sách NV'!$K$2:$K$500,"Đang làm")) | D12: =IF(B12="","",IFERROR(SUMIF('Chấm công'!$D$2:$D$500,B12,'Chấm công'!$E$2:$E$500)/COUNTIF('Chấm công'!$D$2:$D$500,B12),0)) | E12: =IF(B12="","",SUMIF('Chấm công'!$D$2:$D$500,B12,'Chấm công'!$J$2:$J$500)) | F12: =IF(B12="","",SUMIF('Bảng lương'!$D$2:$D$500,B12,'Bảng lương'!$P$2:$P$500)) | G12: =IF(B12="","",IFERROR(E12/(C12*D12),0)) | H12: =IF(B12="","",IFERROR(F12/C12,0)) | I12: =IF(B12="","",IFERROR(F12/E12,0)) | J12: =IF(B12="","",IF(C12=0,"Không có NV",IF(G12>=0.95,"Đạt",IF(G12>=0.9,"Theo dõi","Cần xem lại"))))
C13: =IF(B13="","",COUNTIFS('Danh sách NV'!$D$2:$D$500,B13,'Danh sách NV'!$K$2:$K$500,"Đang làm")) | D13: =IF(B13="","",IFERROR(SUMIF('Chấm công'!$D$2:$D$500,B13,'Chấm công'!$E$2:$E$500)/COUNTIF('Chấm công'!$D$2:$D$500,B13),0)) | E13: =IF(B13="","",SUMIF('Chấm công'!$D$2:$D$500,B13,'Chấm công'!$J$2:$J$500)) | F13: =IF(B13="","",SUMIF('Bảng lương'!$D$2:$D$500,B13,'Bảng lương'!$P$2:$P$500)) | G13: =IF(B13="","",IFERROR(E13/(C13*D13),0)) | H13: =IF(B13="","",IFERROR(F13/C13,0)) | I13: =IF(B13="","",IFERROR(F13/E13,0)) | J13: =IF(B13="","",IF(C13=0,"Không có NV",IF(G13>=0.95,"Đạt",IF(G13>=0.9,"Theo dõi","Cần xem lại"))))
C14: =IF(B14="","",COUNTIFS('Danh sách NV'!$D$2:$D$500,B14,'Danh sách NV'!$K$2:$K$500,"Đang làm")) | D14: =IF(B14="","",IFERROR(SUMIF('Chấm công'!$D$2:$D$500,B14,'Chấm công'!$E$2:$E$500)/COUNTIF('Chấm công'!$D$2:$D$500,B14),0)) | E14: =IF(B14="","",SUMIF('Chấm công'!$D$2:$D$500,B14,'Chấm công'!$J$2:$J$500)) | F14: =IF(B14="","",SUMIF('Bảng lương'!$D$2:$D$500,B14,'Bảng lương'!$P$2:$P$500)) | G14: =IF(B14="","",IFERROR(E14/(C14*D14),0)) | H14: =IF(B14="","",IFERROR(F14/C14,0)) | I14: =IF(B14="","",IFERROR(F14/E14,0)) | J14: =IF(B14="","",IF(C14=0,"Không có NV",IF(G14>=0.95,"Đạt",IF(G14>=0.9,"Theo dõi","Cần xem lại"))))
C15: =IF(B15="","",COUNTIFS('Danh sách NV'!$D$2:$D$500,B15,'Danh sách NV'!$K$2:$K$500,"Đang làm")) | D15: =IF(B15="","",IFERROR(SUMIF('Chấm công'!$D$2:$D$500,B15,'Chấm công'!$E$2:$E$500)/COUNTIF('Chấm công'!$D$2:$D$500,B15),0)) | E15: =IF(B15="","",SUMIF('Chấm công'!$D$2:$D$500,B15,'Chấm công'!$J$2:$J$500)) | F15: =IF(B15="","",SUMIF('Bảng lương'!$D$2:$D$500,B15,'Bảng lương'!$P$2:$P$500)) | G15: =IF(B15="","",IFERROR(E15/(C15*D15),0)) | H15: =IF(B15="","",IFERROR(F15/C15,0)) | I15: =IF(B15="","",IFERROR(F15/E15,0)) | J15: =IF(B15="","",IF(C15=0,"Không có NV",IF(G15>=0.95,"Đạt",IF(G15>=0.9,"Theo dõi","Cần xem lại"))))
C16: =IF(B16="","",COUNTIFS('Danh sách NV'!$D$2:$D$500,B16,'Danh sách NV'!$K$2:$K$500,"Đang làm")) | D16: =IF(B16="","",IFERROR(SUMIF('Chấm công'!$D$2:$D$500,B16,'Chấm công'!$E$2:$E$500)/COUNTIF('Chấm công'!$D$2:$D$500,B16),0)) | E16: =IF(B16="","",SUMIF('Chấm công'!$D$2:$D$500,B16,'Chấm công'!$J$2:$J$500)) | F16: =IF(B16="","",SUMIF('Bảng lương'!$D$2:$D$500,B16,'Bảng lương'!$P$2:$P$500)) | G16: =IF(B16="","",IFERROR(E16/(C16*D16),0)) | H16: =IF(B16="","",IFERROR(F16/C16,0)) | I16: =IF(B16="","",IFERROR(F16/E16,0)) | J16: =IF(B16="","",IF(C16=0,"Không có NV",IF(G16>=0.95,"Đạt",IF(G16>=0.9,"Theo dõi","Cần xem lại"))))
C17: =IF(B17="","",COUNTIFS('Danh sách NV'!$D$2:$D$500,B17,'Danh sách NV'!$K$2:$K$500,"Đang làm")) | D17: =IF(B17="","",IFERROR(SUMIF('Chấm công'!$D$2:$D$500,B17,'Chấm công'!$E$2:$E$500)/COUNTIF('Chấm công'!$D$2:$D$500,B17),0)) | E17: =IF(B17="","",SUMIF('Chấm công'!$D$2:$D$500,B17,'Chấm công'!$J$2:$J$500)) | F17: =IF(B17="","",SUMIF('Bảng lương'!$D$2:$D$500,B17,'Bảng lương'!$P$2:$P$500)) | G17: =IF(B17="","",IFERROR(E17/(C17*D17),0)) | H17: =IF(B17="","",IFERROR(F17/C17,0)) | I17: =IF(B17="","",IFERROR(F17/E17,0)) | J17: =IF(B17="","",IF(C17=0,"Không có NV",IF(G17>=0.95,"Đạt",IF(G17>=0.9,"Theo dõi","Cần xem lại"))))
C18: =IF(B18="","",COUNTIFS('Danh sách NV'!$D$2:$D$500,B18,'Danh sách NV'!$K$2:$K$500,"Đang làm")) | D18: =IF(B18="","",IFERROR(SUMIF('Chấm công'!$D$2:$D$500,B18,'Chấm công'!$E$2:$E$500)/COUNTIF('Chấm công'!$D$2:$D$500,B18),0)) | E18: =IF(B18="","",SUMIF('Chấm công'!$D$2:$D$500,B18,'Chấm công'!$J$2:$J$500)) | F18: =IF(B18="","",SUMIF('Bảng lương'!$D$2:$D$500,B18,'Bảng lương'!$P$2:$P$500)) | G18: =IF(B18="","",IFERROR(E18/(C18*D18),0)) | H18: =IF(B18="","",IFERROR(F18/C18,0)) | I18: =IF(B18="","",IFERROR(F18/E18,0)) | J18: =IF(B18="","",IF(C18=0,"Không có NV",IF(G18>=0.95,"Đạt",IF(G18>=0.9,"Theo dõi","Cần xem lại"))))
... C21: =IF(B21="","",COUNTIFS('Danh sách NV'!$D$2:$D$500,B21,'Danh sách NV'!$K$2:$K$500,"Đang làm")) | D21: =IF(B21="","",IFERROR(SUMIF('Chấm công'!$D$2:$D$500,B21,'Chấm công'!$E$2:$E$500)/COUNTIF('Chấm công'!$D$2:$D$500,B21),0)) | E21: =IF(B21="","",SUMIF('Chấm công'!$D$2:$D$500,B21,'Chấm công'!$J$2:$J$500)) | F21: =IF(B21="","",SUMIF('Bảng lương'!$D$2:$D$500,B21,'Bảng lương'!$P$2:$P$500)) | G21: =IF(B21="","",IFERROR(E21/(C21*D21),0)) | H21: =IF(B21="","",IFERROR(F21/C21,0)) | I21: =IF(B21="","",IFERROR(F21/E21,0)) | J21: =IF(B21="","",IF(C21=0,"Không có NV",IF(G21>=0.95,"Đạt",IF(G21>=0.9,"Theo dõi","Cần xem lại"))))

Sheet Biến động NS
A1: Bộ phận | B1: Đầu kỳ | C1: Vào mới | D1: Nghỉ việc | E1: Cuối kỳ | F1: Tỷ lệ nghỉ việc
A2: Kinh doanh | B2: 8 | C2: 1 | D2: 1 | E2: =IF(A2="","",B2+C2-D2) | F2: =IF(A2="","",IFERROR(D2/B2,0))
A3: Kế toán | B3: 4 | C3: 0 | D3: 0 | E3: =IF(A3="","",B3+C3-D3) | F3: =IF(A3="","",IFERROR(D3/B3,0))
A4: Nhân sự | B4: 3 | C4: 0 | D4: 0 | E4: =IF(A4="","",B4+C4-D4) | F4: =IF(A4="","",IFERROR(D4/B4,0))
A5: Kỹ thuật | B5: 6 | C5: 1 | D5: 1 | E5: =IF(A5="","",B5+C5-D5) | F5: =IF(A5="","",IFERROR(D5/B5,0))
A6: Kho vận | B6: 6 | C6: 0 | D6: 1 | E6: =IF(A6="","",B6+C6-D6) | F6: =IF(A6="","",IFERROR(D6/B6,0))
E7: =IF(A7="","",B7+C7-D7) | F7: =IF(A7="","",IFERROR(D7/B7,0))
E8: =IF(A8="","",B8+C8-D8) | F8: =IF(A8="","",IFERROR(D8/B8,0))
E9: =IF(A9="","",B9+C9-D9) | F9: =IF(A9="","",IFERROR(D9/B9,0))
E10: =IF(A10="","",B10+C10-D10) | F10: =IF(A10="","",IFERROR(D10/B10,0))
E11: =IF(A11="","",B11+C11-D11) | F11: =IF(A11="","",IFERROR(D11/B11,0))
E12: =IF(A12="","",B12+C12-D12) | F12: =IF(A12="","",IFERROR(D12/B12,0))
E13: =IF(A13="","",B13+C13-D13) | F13: =IF(A13="","",IFERROR(D13/B13,0))
E14: =IF(A14="","",B14+C14-D14) | F14: =IF(A14="","",IFERROR(D14/B14,0))
E15: =IF(A15="","",B15+C15-D15) | F15: =IF(A15="","",IFERROR(D15/B15,0))
E16: =IF(A16="","",B16+C16-D16) | F16: =IF(A16="","",IFERROR(D16/B16,0))
E17: =IF(A17="","",B17+C17-D17) | F17: =IF(A17="","",IFERROR(D17/B17,0))
E18: =IF(A18="","",B18+C18-D18) | F18: =IF(A18="","",IFERROR(D18/B18,0))
... E21: =IF(A21="","",B21+C21-D21) | F21: =IF(A21="","",IFERROR(D21/B21,0))

Sheet Hướng dẫn
B1: Bộ file Excel quản lý nhân sự theo tháng (5 file nối sẵn trong một workbook)
B2: Cả 5 file trong một workbook, 6 sheet nối sẵn bằng công thức
B4: THỨ TỰ NHẬP
B5: Nhập theo thứ tự tab từ trái sang phải. Cột nền xanh nhạt là ô có công thức — gõ đè lên sẽ xóa mất công thức của riêng ô đó.
B6: 1. Danh sách NV — Đầu vào
B7: HR cập nhật mỗi khi có người vào hoặc nghỉ việc.
B8: 2. Nghỉ phép — Đầu vào
B9: HR ghi vào ngay khi duyệt đơn.
B10: 3. Chấm công — Đầu vào
B11: HR nhập hằng ngày, chốt vào ngày cuối tháng.
B12: 4. Bảng lương — Xử lý
B13: Kế toán lương chạy một lần vào đầu tháng sau.
... B61: https://excel.nguyenvietloc.com/mau-excel/nhan-su/quan-ly-nhan-su-thang
